-- MySQL dump 10.13  Distrib 5.7.9, for Win64 (x86_64)
--
-- Host: localhost    Database: dessert
-- ------------------------------------------------------
-- Server version	5.6.27

/*!40101 SET @OLD_CHARACTER_SET_CLIENT=@@CHARACTER_SET_CLIENT */;
/*!40101 SET @OLD_CHARACTER_SET_RESULTS=@@CHARACTER_SET_RESULTS */;
/*!40101 SET @OLD_COLLATION_CONNECTION=@@COLLATION_CONNECTION */;
/*!40101 SET NAMES utf8 */;
/*!40103 SET @OLD_TIME_ZONE=@@TIME_ZONE */;
/*!40103 SET TIME_ZONE='+00:00' */;
/*!40014 SET @OLD_UNIQUE_CHECKS=@@UNIQUE_CHECKS, UNIQUE_CHECKS=0 */;
/*!40014 SET @OLD_FOREIGN_KEY_CHECKS=@@FOREIGN_KEY_CHECKS, FOREIGN_KEY_CHECKS=0 */;
/*!40101 SET @OLD_SQL_MODE=@@SQL_MODE, SQL_MODE='NO_AUTO_VALUE_ON_ZERO' */;
/*!40111 SET @OLD_SQL_NOTES=@@SQL_NOTES, SQL_NOTES=0 */;

--
-- Table structure for table `charge`
--

DROP TABLE IF EXISTS `charge`;
/*!40101 SET @saved_cs_client     = @@character_set_client */;
/*!40101 SET character_set_client = utf8 */;
CREATE TABLE `charge` (
  `userid` varchar(45) NOT NULL,
  `date` date NOT NULL,
  `money` double NOT NULL,
  `balance` double NOT NULL
) ENGINE=MyISAM DEFAULT CHARSET=utf8;
/*!40101 SET character_set_client = @saved_cs_client */;

--
-- Dumping data for table `charge`
--

LOCK TABLES `charge` WRITE;
/*!40000 ALTER TABLE `charge` DISABLE KEYS */;
INSERT INTO `charge` VALUES ('QVR6858','2016-03-08',200,200),('QVR6858','2016-03-08',500,700),('QVR6858','2016-03-08',350,1050),('MAJ0959','2016-03-09',200,200),('GTL6796','2016-03-09',200,200),('GTL6796','2016-03-09',300,500),('XKK4095','2016-03-09',300,300),('XKK4095','2016-03-09',500,800),('EBV4671','2016-03-10',2000,2000),('XQJ0968','2016-03-10',200,200),('SED9951','2016-03-10',20,20),('SDS3171','2016-03-10',200,200),('QVR6858','2016-05-04',10,813);
/*!40000 ALTER TABLE `charge` ENABLE KEYS */;
UNLOCK TABLES;

--
-- Table structure for table `commodity`
--

DROP TABLE IF EXISTS `commodity`;
/*!40101 SET @saved_cs_client     = @@character_set_client */;
/*!40101 SET character_set_client = utf8 */;
CREATE TABLE `commodity` (
  `commodity_id` varchar(45) NOT NULL,
  `name` varchar(45) DEFAULT NULL,
  `price` double DEFAULT NULL,
  `type` varchar(45) DEFAULT NULL,
  PRIMARY KEY (`commodity_id`)
) ENGINE=MyISAM DEFAULT CHARSET=utf8;
/*!40101 SET character_set_client = @saved_cs_client */;

--
-- Dumping data for table `commodity`
--

LOCK TABLES `commodity` WRITE;
/*!40000 ALTER TABLE `commodity` DISABLE KEYS */;
INSERT INTO `commodity` VALUES ('bread01','巧克力熔岩面包',8,'bread'),('bread02','川味鸡肉面包',7,'bread'),('bread03','阳光芝士面包',10,'bread'),('bread04','冰面包',6.5,'bread'),('bread05','凯撒大帝',7.5,'bread'),('bread06','复兴起士',9.5,'bread'),('bread07','摩卡咖啡面包',8,'bread'),('bread08','莱姆葡萄吐司',13,'bread'),('bread09','辣味肉松',7.8,'bread'),('cake01','夏洛蒂',21,'cake'),('cake02','浪漫雪顶',25,'cake'),('cake03','白色之恋',28.8,'cake'),('cake04','白色年华',24,'cake'),('cake05','焦糖布蕾',30,'cake'),('cake06','蜜悦安格',26,'cake'),('dessert01','牛轧饼',23,'dessert'),('dessert02','枫糖去普',25,'dessert'),('dessert03','黑曲奇',25,'dessert'),('dessert04','起司球',26,'dessert'),('dessert05','椰丝牛奶小方',28,'dessert'),('dessert06','蔓越莓曲奇',30,'dessert'),('dessert07','香草曲奇',28,'dessert'),('dessert08','巧心白巧克力曲奇',30,'dessert'),('drink01','海岩咖啡',13,'drink'),('drink02','猫咪咖啡',15,'drink'),('drink03','韩式柚子茶',14,'drink'),('drink04','一颗柠檬',16,'drink'),('drink05','布丁奶茶',12,'drink'),('drink06','海岩奶绿',13,'drink'),('drink07','英式奶茶',10,'drink'),('drink08','红豆珍珠奶茶',14,'drink'),('drink09','焦糖玛奇朵',16,'drink'),('drink10','珍珠奶茶',12,'drink');
/*!40000 ALTER TABLE `commodity` ENABLE KEYS */;
UNLOCK TABLES;

--
-- Table structure for table `member`
--

DROP TABLE IF EXISTS `member`;
/*!40101 SET @saved_cs_client     = @@character_set_client */;
/*!40101 SET character_set_client = utf8 */;
CREATE TABLE `member` (
  `member_id` varchar(8) NOT NULL,
  `age` int(11) DEFAULT NULL,
  `password` varchar(45) NOT NULL,
  `tel` varchar(45) DEFAULT NULL,
  `address` varchar(255) DEFAULT NULL,
  `bank_card` varchar(45) NOT NULL,
  `balance` double NOT NULL DEFAULT '0',
  `state` varchar(45) NOT NULL DEFAULT 'inactive',
  `level` int(11) NOT NULL DEFAULT '1',
  `points` int(8) NOT NULL DEFAULT '0',
  `valid_date` date DEFAULT NULL,
  `charge` int(11) NOT NULL DEFAULT '0',
  PRIMARY KEY (`member_id`)
) ENGINE=InnoDB DEFAULT CHARSET=utf8;
/*!40101 SET character_set_client = @saved_cs_client */;

--
-- Dumping data for table `member`
--

LOCK TABLES `member` WRITE;
/*!40000 ALTER TABLE `member` DISABLE KEYS */;
INSERT INTO `member` VALUES ('EBV4671',20,'123123','13773224543','','43246789532567890',2000,'active',4,0,'2017-03-10',2000),('GTL6796',17,'123123','15677827672','南京市鼓楼区广州路234号','622209008762734',373,'active',2,126,'2017-03-09',500),('JDK6267',29,'123123','','','9876543',0,'stopped',1,0,NULL,0),('JZN5263',21,'123456','13323245367','南京市栖霞区仙林大道163号','6222029987678999871',0,'inactive',1,0,NULL,0),('MAJ0959',30,'123123','13812799075','南京市鼓楼区汉口路24号','622202998986765582',200,'active',1,0,'2017-03-09',200),('MVO6271',18,'123123','123','2222','123456890',0,'inactive',1,0,NULL,0),('NBG9830',43,'123123','13771878890','南京市秦淮区洪武北路34号','3209998987678921',0,'inactive',1,0,NULL,0),('NNT2207',32,'123123','','','123456789009876543',0,'inactive',1,0,NULL,0),('OHA1251',12,'123123','','','55555555566',0,'inactive',1,0,NULL,0),('QVR6858',25,'123123','13299876789','南京市玄武区中山路110号','6222430098778996521',813,'active',3,146,'2017-03-07',1060),('SDS3171',20,'123123','13332323344','南京市鼓楼区汉口路22号','3332222212231',156,'active',1,44,'2017-03-10',200),('SED9951',27,'123123','','','0987654321',20,'paused',1,0,'2017-03-10',20),('XDJ0289',20,'123123','13900088765','南京大学鼓楼校区','321000998765467',0,'stopped',1,0,NULL,0),('XKK4095',37,'123123','13967715479','南京市鼓楼区山西路688号','620778909865162',613.2,'active',2,186,'2017-03-09',800),('XQJ0968',17,'123123','','','65412345678',192,'stopped',1,8,'2017-03-10',200);
/*!40000 ALTER TABLE `member` ENABLE KEYS */;
UNLOCK TABLES;

--
-- Table structure for table `plan`
--

DROP TABLE IF EXISTS `plan`;
/*!40101 SET @saved_cs_client     = @@character_set_client */;
/*!40101 SET character_set_client = utf8 */;
CREATE TABLE `plan` (
  `plan_id` varchar(45) DEFAULT NULL,
  `store_id` varchar(45) DEFAULT NULL,
  `date` date DEFAULT NULL,
  `create_date` date DEFAULT NULL,
  `state` varchar(45) DEFAULT NULL,
  `commodity_id` varchar(45) DEFAULT NULL,
  `commodity_price` double DEFAULT NULL,
  `commodity_num` int(11) DEFAULT NULL
) ENGINE=MyISAM DEFAULT CHARSET=utf8;
/*!40101 SET character_set_client = @saved_cs_client */;

--
-- Dumping data for table `plan`
--

LOCK TABLES `plan` WRITE;
/*!40000 ALTER TABLE `plan` DISABLE KEYS */;
INSERT INTO `plan` VALUES ('20160308002','XL001','2016-03-08','2016-03-08','approved','bread05',7.5,10),('20160308001','GL001','2016-03-08','2016-03-08','approved','drink06',13,10),('20160308001','GL001','2016-03-08','2016-03-08','approved','drink04',16,30),('20160308001','GL001','2016-03-08','2016-03-08','approved','drink02',15,20),('20160308001','GL001','2016-03-08','2016-03-08','approved','dessert01',23,10),('20160308001','GL001','2016-03-08','2016-03-08','approved','drink01',13,30),('20160308001','GL001','2016-03-08','2016-03-08','approved','cake06',26,20),('20160308001','GL001','2016-03-08','2016-03-08','approved','cake05',30,10),('20160308001','GL001','2016-03-08','2016-03-08','approved','bread06',9.5,10),('20160308001','GL001','2016-03-08','2016-03-08','approved','bread05',7.5,10),('20160308001','GL001','2016-03-08','2016-03-08','approved','bread04',6.5,30),('20160308001','GL001','2016-03-08','2016-03-08','approved','bread03',10,20),('20160308001','GL001','2016-03-08','2016-03-08','approved','bread01',8,20),('20160306001','GL001','2016-03-07','2016-03-06','approved','drink10',12,10),('20160308001','GL001','2016-03-08','2016-03-08','approved','bread02',7,20),('20160306001','GL001','2016-03-07','2016-03-06','approved','drink04',16,50),('20160306002','XL001','2016-03-07','2016-03-06','approved','bread02',7,20),('20160306001','GL001','2016-03-07','2016-03-06','approved','drink02',15,50),('20160306001','GL001','2016-03-07','2016-03-06','approved','dessert07',28,30),('20160306001','GL001','2016-03-07','2016-03-06','approved','dessert08',30,40),('20160306001','GL001','2016-03-07','2016-03-06','approved','drink01',13,30),('20160306001','GL001','2016-03-07','2016-03-06','approved','dessert03',25,20),('20160306001','GL001','2016-03-07','2016-03-06','approved','dessert01',23,30),('20160306001','GL001','2016-03-07','2016-03-06','approved','dessert02',25,30),('20160306001','GL001','2016-03-07','2016-03-06','approved','cake05',30,10),('20160306001','GL001','2016-03-07','2016-03-06','approved','cake02',25,5),('20160306001','GL001','2016-03-07','2016-03-06','approved','cake01',21,5),('20160306001','GL001','2016-03-07','2016-03-06','approved','bread08',13,10),('20160306001','GL001','2016-03-07','2016-03-06','approved','bread07',8,20),('20160306001','GL001','2016-03-07','2016-03-06','approved','bread06',9.5,30),('20160306001','GL001','2016-03-07','2016-03-06','approved','bread05',7.5,40),('20160306001','GL001','2016-03-07','2016-03-06','approved','bread04',6.5,10),('20160306001','GL001','2016-03-07','2016-03-06','approved','bread03',10,20),('20160306001','GL001','2016-03-07','2016-03-06','approved','bread02',7,30),('20160306001','GL001','2016-03-07','2016-03-06','approved','bread01',8,20),('20160306002','XL001','2016-03-07','2016-03-06','approved','bread01',8,10),('20160308002','XL001','2016-03-08','2016-03-08','approved','bread04',6.5,50),('20160308002','XL001','2016-03-08','2016-03-08','approved','bread03',10,20),('20160308002','XL001','2016-03-08','2016-03-08','approved','bread02',7,20),('20160309001','GL001','2016-03-10','2016-03-09','approved','drink06',13,10),('20160309001','GL001','2016-03-10','2016-03-09','approved','drink04',12,20),('20160309001','GL001','2016-03-10','2016-03-09','approved','drink03',14,30),('20160309001','GL001','2016-03-10','2016-03-09','approved','drink02',15,40),('20160309001','GL001','2016-03-10','2016-03-09','approved','drink01',13,30),('20160309001','GL001','2016-03-10','2016-03-09','approved','dessert05',28,20),('20160309001','GL001','2016-03-10','2016-03-09','approved','dessert04',26,30),('20160309001','GL001','2016-03-10','2016-03-09','approved','dessert02',25,10),('20160309001','GL001','2016-03-10','2016-03-09','approved','dessert01',23,20),('20160309001','GL001','2016-03-10','2016-03-09','approved','cake05',30,3),('20160309001','GL001','2016-03-10','2016-03-09','approved','cake02',25,3),('20160309001','GL001','2016-03-10','2016-03-09','approved','cake01',21,5),('20160309001','GL001','2016-03-10','2016-03-09','approved','bread08',13,1),('20160309001','GL001','2016-03-10','2016-03-09','approved','bread07',8,10),('20160309001','GL001','2016-03-10','2016-03-09','approved','bread06',9.5,30),('20160309001','GL001','2016-03-10','2016-03-09','approved','bread05',7.5,40),('20160309001','GL001','2016-03-10','2016-03-09','approved','bread04',6.5,20),('20160309001','GL001','2016-03-10','2016-03-09','approved','bread03',10,30),('20160309001','GL001','2016-03-10','2016-03-09','approved','bread02',7,50),('20160309001','GL001','2016-03-10','2016-03-09','approved','bread01',8,40),('20160309002','QH01','2016-03-10','2016-03-09','approved','drink06',13,20),('20160309002','QH01','2016-03-10','2016-03-09','approved','drink05',12,40),('20160309002','QH01','2016-03-10','2016-03-09','approved','drink04',16,20),('20160309002','QH01','2016-03-10','2016-03-09','approved','drink03',14,30),('20160309002','QH01','2016-03-10','2016-03-09','approved','drink02',15,20),('20160309002','QH01','2016-03-10','2016-03-09','approved','drink01',13,10),('20160309002','QH01','2016-03-10','2016-03-09','approved','dessert08',30,23),('20160309002','QH01','2016-03-10','2016-03-09','approved','dessert06',30,10),('20160309002','QH01','2016-03-10','2016-03-09','approved','dessert05',28,20),('20160309002','QH01','2016-03-10','2016-03-09','approved','dessert04',26,20),('20160309002','QH01','2016-03-10','2016-03-09','approved','dessert03',25,10),('20160309002','QH01','2016-03-10','2016-03-09','approved','dessert02',25,10),('20160309002','QH01','2016-03-10','2016-03-09','approved','cake06',26,23),('20160309002','QH01','2016-03-10','2016-03-09','approved','cake05',30,10),('20160309002','QH01','2016-03-10','2016-03-09','approved','bread09',7.8,20),('20160309002','QH01','2016-03-10','2016-03-09','approved','bread08',13,24),('20160309002','QH01','2016-03-10','2016-03-09','approved','bread07',8,25),('20160309002','QH01','2016-03-10','2016-03-09','approved','bread06',9.5,40),('20160309002','QH01','2016-03-10','2016-03-09','approved','bread05',7.5,10),('20160309002','QH01','2016-03-10','2016-03-09','approved','bread04',6.5,20),('20160309002','QH01','2016-03-10','2016-03-09','approved','bread03',10,30),('20160309002','QH01','2016-03-10','2016-03-09','approved','bread02',7,5),('20160309002','QH01','2016-03-10','2016-03-09','approved','bread01',8,2),('20160309003','XL001','2016-03-10','2016-03-09','approved','drink08',14,20),('20160309003','XL001','2016-03-10','2016-03-09','approved','drink06',13,20),('20160309003','XL001','2016-03-10','2016-03-09','approved','drink04',16,30),('20160309003','XL001','2016-03-10','2016-03-09','approved','drink03',14,20),('20160309003','XL001','2016-03-10','2016-03-09','approved','drink02',15,10),('20160309003','XL001','2016-03-10','2016-03-09','approved','dessert07',28,30),('20160309003','XL001','2016-03-10','2016-03-09','approved','dessert04',26,20),('20160309003','XL001','2016-03-10','2016-03-09','approved','dessert01',23,10),('20160309003','XL001','2016-03-10','2016-03-09','approved','cake05',30,20),('20160309003','XL001','2016-03-10','2016-03-09','approved','cake03',28.8,30),('20160309003','XL001','2016-03-10','2016-03-09','approved','cake01',21,20),('20160309003','XL001','2016-03-10','2016-03-09','approved','bread06',9.5,10),('20160309003','XL001','2016-03-10','2016-03-09','approved','bread05',7.5,20),('20160309003','XL001','2016-03-10','2016-03-09','approved','bread03',10,10),('20160309003','XL001','2016-03-10','2016-03-09','approved','bread02',7,20),('20160309003','XL001','2016-03-10','2016-03-09','approved','bread01',8,30),('20160310001','GL001','2016-03-11','2016-03-10','approved','drink08',12,40),('20160310001','GL001','2016-03-11','2016-03-10','approved','drink03',14,20),('20160310001','GL001','2016-03-11','2016-03-10','approved','dessert04',26,30),('20160310001','GL001','2016-03-11','2016-03-10','approved','cake06',26,30),('20160310001','GL001','2016-03-11','2016-03-10','approved','bread07',8,50),('20160310001','GL001','2016-03-11','2016-03-10','approved','bread04',6.5,20),('20160310001','GL001','2016-03-11','2016-03-10','approved','bread03',10,30),('20160310001','GL001','2016-03-11','2016-03-10','approved','bread02',7,40),('20160310001','GL001','2016-03-11','2016-03-10','approved','bread01',8,20),('20160504001','AA01','2016-05-04','2016-05-04','approved','drink07',10,50),('20160504001','AA01','2016-05-04','2016-05-04','approved','drink05',12,30),('20160504001','AA01','2016-05-04','2016-05-04','approved','drink04',16,20),('20160504001','AA01','2016-05-04','2016-05-04','approved','drink02',15,20),('20160504001','AA01','2016-05-04','2016-05-04','approved','drink01',13,30),('20160504001','AA01','2016-05-04','2016-05-04','approved','dessert05',28,10),('20160504001','AA01','2016-05-04','2016-05-04','approved','dessert04',26,40),('20160504001','AA01','2016-05-04','2016-05-04','approved','dessert01',23,20),('20160504001','AA01','2016-05-04','2016-05-04','approved','cake06',26,30),('20160504001','AA01','2016-05-04','2016-05-04','approved','cake03',28.8,10),('20160504001','AA01','2016-05-04','2016-05-04','approved','cake02',25,20),('20160504001','AA01','2016-05-04','2016-05-04','approved','bread06',9.5,50),('20160504001','AA01','2016-05-04','2016-05-04','approved','bread05',7.5,10),('20160504001','AA01','2016-05-04','2016-05-04','approved','bread04',6.5,20),('20160504001','AA01','2016-05-04','2016-05-04','approved','bread03',10,30),('20160504001','AA01','2016-05-04','2016-05-04','approved','bread02',7,20),('20160504001','AA01','2016-05-04','2016-05-04','approved','bread01',8,10),('20160504002','AA01','2016-05-17','2016-05-04','unchecked','bread01',8,10),('20160504002','AA01','2016-05-17','2016-05-04','unchecked','bread04',6.5,20);
/*!40000 ALTER TABLE `plan` ENABLE KEYS */;
UNLOCK TABLES;

--
-- Table structure for table `sale`
--

DROP TABLE IF EXISTS `sale`;
/*!40101 SET @saved_cs_client     = @@character_set_client */;
/*!40101 SET character_set_client = utf8 */;
CREATE TABLE `sale` (
  `sale_id` varchar(45) NOT NULL,
  `date` date DEFAULT NULL,
  `store_id` varchar(45) DEFAULT NULL,
  `commodity_id` varchar(45) DEFAULT NULL,
  `num` int(11) DEFAULT NULL,
  `price` double DEFAULT NULL,
  `sale_type` varchar(45) DEFAULT NULL,
  `state` varchar(45) DEFAULT NULL,
  `create_date` varchar(45) DEFAULT NULL,
  `user_id` varchar(45) DEFAULT NULL,
  `address` varchar(255) DEFAULT NULL
) ENGINE=MyISAM DEFAULT CHARSET=utf8;
/*!40101 SET character_set_client = @saved_cs_client */;

--
-- Dumping data for table `sale`
--

LOCK TABLES `sale` WRITE;
/*!40000 ALTER TABLE `sale` DISABLE KEYS */;
INSERT INTO `sale` VALUES ('201603080001','2016-03-08','GL001','bread05',1,7.5,'store','finish','2016-03-08','QVR6858',NULL),('201603080002','2016-03-08','GL001','bread01',1,8,'store','finish','2016-03-08','QVR6858',NULL),('201603080003','2016-03-08','GL001','drink02',1,15,'store','finish','2016-03-08','',NULL),('201603080004','2016-03-08','GL001','bread01',1,8,'store','finish','2016-03-08','QVR6858',NULL),('201603080004','2016-03-08','GL001','bread02',1,7,'store','finish','2016-03-08','QVR6858',NULL),('201603080005','2016-03-08','GL001','bread06',1,9.5,'store','unfinish','2016-03-08','QVR6858',NULL),('201603080005','2016-03-08','GL001','cake05',1,30,'store','unfinish','2016-03-08','QVR6858',NULL),('201603080005','2016-03-08','GL001','drink02',1,15,'store','unfinish','2016-03-08','QVR6858',NULL),('201603100001','2016-03-10','XL001','bread01',1,8,'store','finish','2016-03-10','',''),('201603100001','2016-03-10','XL001','bread02',1,7,'store','finish','2016-03-10','',''),('201603100001','2016-03-10','XL001','drink03',1,14,'store','finish','2016-03-10','',''),('201603100001','2016-03-10','XL001','cake01',1,21,'store','finish','2016-03-10','',''),('201603100002','2016-03-10','XL001','bread03',1,10,'store','finish','2016-03-10','GTL6796',''),('201603100002','2016-03-10','XL001','bread06',3,9.5,'store','finish','2016-03-10','GTL6796',''),('201603100003','2016-03-10','XL001','drink03',1,14,'store','finish','2016-03-10','',''),('201603100003','2016-03-10','XL001','drink06',1,13,'store','finish','2016-03-10','',''),('201603100004','2016-03-10','XL001','cake01',1,21,'store','finish','2016-03-10','XKK4095',''),('201603100004','2016-03-10','XL001','bread06',2,9.5,'store','finish','2016-03-10','XKK4095',''),('201603100005','2016-03-10','XL001','dessert01',4,23,'store','finish','2016-03-10','',''),('201603100006','2016-03-10','GL001','bread01',1,8,'deliver','finish','2016-03-10','XKK4095',NULL),('201603100006','2016-03-10','GL001','bread02',1,7,'deliver','finish','2016-03-10','XKK4095',NULL),('201603100006','2016-03-10','GL001','bread07',1,8,'deliver','finish','2016-03-10','XKK4095',NULL),('201603100006','2016-03-10','GL001','cake02',1,25,'deliver','finish','2016-03-10','XKK4095',NULL),('201603100006','2016-03-10','GL001','dessert01',1,23,'deliver','finish','2016-03-10','XKK4095',NULL),('201603100007','2016-03-10','XL001','bread06',2,9.5,'store','finish','2016-03-10','XKK4095',NULL),('201603100007','2016-03-10','XL001','cake03',1,28.8,'store','finish','2016-03-10','XKK4095',NULL),('201603100008','2016-03-10','GL001','bread04',2,6.5,'store','unfinish','2016-03-10','QVR6858',NULL),('201603100008','2016-03-10','GL001','bread08',1,13,'store','unfinish','2016-03-10','QVR6858',NULL),('201603100008','2016-03-10','GL001','dessert02',1,25,'store','unfinish','2016-03-10','QVR6858',NULL),('201603100008','2016-03-10','GL001','dessert04',1,26,'store','unfinish','2016-03-10','QVR6858',NULL),('201603100009','2016-03-10','GL001','bread01',1,8,'store','finish','2016-03-10','XQJ0968',''),('201603100010','2016-03-10','GL001','bread01',2,8,'store','unfinish','2016-03-10','SDS3171',NULL),('201603100010','2016-03-10','GL001','drink02',1,15,'store','unfinish','2016-03-10','SDS3171',NULL),('201603100010','2016-03-10','GL001','drink01',1,13,'store','unfinish','2016-03-10','SDS3171',NULL),('201603100011','2016-03-10','GL001','bread01',1,8,'store','finish','2016-03-10','XKK4095',''),('201603100011','2016-03-10','GL001','bread02',1,7,'store','finish','2016-03-10','XKK4095',''),('201603100011','2016-03-10','GL001','drink01',1,13,'store','finish','2016-03-10','XKK4095',''),('201605040001','2016-05-04','AA01','bread02',2,7,'store','unfinish','2016-05-04','GTL6796',NULL),('201605040001','2016-05-04','AA01','bread05',1,7.5,'store','unfinish','2016-05-04','GTL6796',NULL),('201605040001','2016-05-04','AA01','bread06',1,9.5,'store','unfinish','2016-05-04','GTL6796',NULL),('201605040002','2016-05-04','AA01','bread04',1,6.5,'deliver','unfinish','2016-05-04','GTL6796',NULL),('201605040002','2016-05-04','AA01','dessert01',1,23,'deliver','unfinish','2016-05-04','GTL6796',NULL),('201605040002','2016-05-04','AA01','dessert04',2,26,'deliver','unfinish','2016-05-04','GTL6796',NULL),('201605040003','2016-05-04','AA01','bread02',1,7,'store','unfinish','2016-05-04','GTL6796',NULL),('201605040004','2016-05-04','AA01','bread02',1,7,'store','unfinish','2016-05-04','QVR6858',NULL),('201605040004','2016-05-04','AA01','bread01',2,8,'store','unfinish','2016-05-04','QVR6858',NULL);
/*!40000 ALTER TABLE `sale` ENABLE KEYS */;
UNLOCK TABLES;

--
-- Table structure for table `staff`
--

DROP TABLE IF EXISTS `staff`;
/*!40101 SET @saved_cs_client     = @@character_set_client */;
/*!40101 SET character_set_client = utf8 */;
CREATE TABLE `staff` (
  `staff_id` varchar(10) NOT NULL,
  `password` varchar(45) NOT NULL,
  `name` varchar(45) NOT NULL,
  `tel` varchar(45) NOT NULL,
  `sex` varchar(45) NOT NULL,
  `age` int(11) NOT NULL,
  `store_id` varchar(45) NOT NULL,
  `position` varchar(45) NOT NULL,
  PRIMARY KEY (`staff_id`)
) ENGINE=InnoDB DEFAULT CHARSET=utf8;
/*!40101 SET character_set_client = @saved_cs_client */;

--
-- Dumping data for table `staff`
--

LOCK TABLES `staff` WRITE;
/*!40000 ALTER TABLE `staff` DISABLE KEYS */;
INSERT INTO `staff` VALUES ('00001','123123','张啦啦','13388977654','female',24,'00000','planner'),('00002','123123','李明','13877656289','male',22,'GL001','saler'),('00003','123123','黄小花','13887876538','female',23,'XL001','saler'),('00004','123123','王小红','13773228987','female',26,'QH01','saler'),('00005','123123','张晓霞','1333323232','female',23,'AA01','saler'),('admin','admin','管理员','13333399999','male',30,'00000','admin'),('manager','manager','总经理','13877896718','male',40,'00000','manager');
/*!40000 ALTER TABLE `staff` ENABLE KEYS */;
UNLOCK TABLES;

--
-- Table structure for table `stock`
--

DROP TABLE IF EXISTS `stock`;
/*!40101 SET @saved_cs_client     = @@character_set_client */;
/*!40101 SET character_set_client = utf8 */;
CREATE TABLE `stock` (
  `store_id` varchar(45) DEFAULT NULL,
  `date` date DEFAULT NULL,
  `commodity_id` varchar(45) DEFAULT NULL,
  `price` double DEFAULT NULL,
  `num` int(11) DEFAULT NULL
) ENGINE=InnoDB DEFAULT CHARSET=utf8;
/*!40101 SET character_set_client = @saved_cs_client */;

--
-- Dumping data for table `stock`
--

LOCK TABLES `stock` WRITE;
/*!40000 ALTER TABLE `stock` DISABLE KEYS */;
INSERT INTO `stock` VALUES ('XL001','2016-03-07','bread01',8,10),('XL001','2016-03-07','bread02',7,20),('XL001','2016-03-07','bread03',10,0),('XL001','2016-03-07','bread04',6.5,0),('XL001','2016-03-07','bread05',7.5,0),('XL001','2016-03-07','bread06',9.5,0),('XL001','2016-03-07','bread07',8,0),('XL001','2016-03-07','bread08',13,0),('XL001','2016-03-07','bread09',7.8,0),('XL001','2016-03-07','cake01',21,0),('XL001','2016-03-07','cake02',25,0),('XL001','2016-03-07','cake03',28.8,0),('XL001','2016-03-07','cake04',24,0),('XL001','2016-03-07','cake05',30,0),('XL001','2016-03-07','cake06',26,0),('XL001','2016-03-07','dessert01',23,0),('XL001','2016-03-07','dessert02',25,0),('XL001','2016-03-07','dessert03',25,0),('XL001','2016-03-07','dessert04',26,0),('XL001','2016-03-07','dessert05',28,0),('XL001','2016-03-07','dessert06',30,0),('XL001','2016-03-07','dessert07',28,0),('XL001','2016-03-07','dessert08',30,0),('XL001','2016-03-07','drink01',13,0),('XL001','2016-03-07','drink02',15,0),('XL001','2016-03-07','drink03',14,0),('XL001','2016-03-07','drink04',16,0),('XL001','2016-03-07','drink05',12,0),('XL001','2016-03-07','drink06',13,0),('XL001','2016-03-07','drink07',10,0),('XL001','2016-03-07','drink08',14,0),('XL001','2016-03-07','drink09',16,0),('XL001','2016-03-07','drink10',12,0),('GL001','2016-03-07','bread01',8,20),('GL001','2016-03-07','bread02',7,30),('GL001','2016-03-07','bread03',10,20),('GL001','2016-03-07','bread04',6.5,10),('GL001','2016-03-07','bread05',7.5,40),('GL001','2016-03-07','bread06',9.5,30),('GL001','2016-03-07','bread07',8,20),('GL001','2016-03-07','bread08',13,10),('GL001','2016-03-07','bread09',7.8,0),('GL001','2016-03-07','cake01',21,5),('GL001','2016-03-07','cake02',25,5),('GL001','2016-03-07','cake03',28.8,0),('GL001','2016-03-07','cake04',24,0),('GL001','2016-03-07','cake05',30,10),('GL001','2016-03-07','cake06',26,0),('GL001','2016-03-07','dessert01',23,30),('GL001','2016-03-07','dessert02',25,30),('GL001','2016-03-07','dessert03',25,20),('GL001','2016-03-07','dessert04',26,0),('GL001','2016-03-07','dessert05',28,0),('GL001','2016-03-07','dessert06',30,0),('GL001','2016-03-07','dessert07',28,30),('GL001','2016-03-07','dessert08',30,40),('GL001','2016-03-07','drink01',13,30),('GL001','2016-03-07','drink02',15,50),('GL001','2016-03-07','drink03',14,0),('GL001','2016-03-07','drink04',16,50),('GL001','2016-03-07','drink05',12,0),('GL001','2016-03-07','drink06',13,0),('GL001','2016-03-07','drink07',10,0),('GL001','2016-03-07','drink08',14,0),('GL001','2016-03-07','drink09',16,0),('GL001','2016-03-07','drink10',12,10),('GL001','2016-03-08','bread01',8,17),('GL001','2016-03-08','bread02',7,17),('GL001','2016-03-08','bread03',10,20),('GL001','2016-03-08','bread04',6.5,25),('GL001','2016-03-08','bread05',7.5,7),('GL001','2016-03-08','bread06',9.5,9),('GL001','2016-03-08','bread07',8,0),('GL001','2016-03-08','bread08',13,0),('GL001','2016-03-08','bread09',7.8,0),('GL001','2016-03-08','cake01',21,0),('GL001','2016-03-08','cake02',25,0),('GL001','2016-03-08','cake03',28.8,0),('GL001','2016-03-08','cake04',24,0),('GL001','2016-03-08','cake05',30,9),('GL001','2016-03-08','cake06',26,20),('GL001','2016-03-08','dessert01',23,10),('GL001','2016-03-08','dessert02',25,0),('GL001','2016-03-08','dessert03',25,0),('GL001','2016-03-08','dessert04',26,0),('GL001','2016-03-08','dessert05',28,0),('GL001','2016-03-08','dessert06',30,0),('GL001','2016-03-08','dessert07',28,0),('GL001','2016-03-08','dessert08',30,0),('GL001','2016-03-08','drink01',13,28),('GL001','2016-03-08','drink02',15,17),('GL001','2016-03-08','drink03',14,0),('GL001','2016-03-08','drink04',16,30),('GL001','2016-03-08','drink05',12,0),('GL001','2016-03-08','drink06',13,10),('GL001','2016-03-08','drink07',10,0),('GL001','2016-03-08','drink08',14,0),('GL001','2016-03-08','drink09',16,0),('GL001','2016-03-08','drink10',12,0),('XL001','2016-03-08','bread01',8,0),('XL001','2016-03-08','bread02',7,20),('XL001','2016-03-08','bread03',10,20),('XL001','2016-03-08','bread04',6.5,50),('XL001','2016-03-08','bread05',7.5,10),('XL001','2016-03-08','bread06',9.5,0),('XL001','2016-03-08','bread07',8,0),('XL001','2016-03-08','bread08',13,0),('XL001','2016-03-08','bread09',7.8,0),('XL001','2016-03-08','cake01',21,0),('XL001','2016-03-08','cake02',25,0),('XL001','2016-03-08','cake03',28.8,0),('XL001','2016-03-08','cake04',24,0),('XL001','2016-03-08','cake05',30,0),('XL001','2016-03-08','cake06',26,0),('XL001','2016-03-08','dessert01',23,0),('XL001','2016-03-08','dessert02',25,0),('XL001','2016-03-08','dessert03',25,0),('XL001','2016-03-08','dessert04',26,0),('XL001','2016-03-08','dessert05',28,0),('XL001','2016-03-08','dessert06',30,0),('XL001','2016-03-08','dessert07',28,0),('XL001','2016-03-08','dessert08',30,0),('XL001','2016-03-08','drink01',13,0),('XL001','2016-03-08','drink02',15,0),('XL001','2016-03-08','drink03',14,0),('XL001','2016-03-08','drink04',16,0),('XL001','2016-03-08','drink05',12,0),('XL001','2016-03-08','drink06',13,0),('XL001','2016-03-08','drink07',10,0),('XL001','2016-03-08','drink08',14,0),('XL001','2016-03-08','drink09',16,0),('XL001','2016-03-08','drink10',12,0),('GL001','2016-03-10','bread01',8,35),('GL001','2016-03-10','bread02',7,48),('GL001','2016-03-10','bread03',10,30),('GL001','2016-03-10','bread04',6.5,18),('GL001','2016-03-10','bread05',7.5,40),('GL001','2016-03-10','bread06',9.5,30),('GL001','2016-03-10','bread07',8,9),('GL001','2016-03-10','bread08',13,0),('GL001','2016-03-10','bread09',7.8,0),('GL001','2016-03-10','cake01',21,5),('GL001','2016-03-10','cake02',25,2),('GL001','2016-03-10','cake03',28.8,0),('GL001','2016-03-10','cake04',24,0),('GL001','2016-03-10','cake05',30,3),('GL001','2016-03-10','cake06',26,0),('GL001','2016-03-10','dessert01',23,19),('GL001','2016-03-10','dessert02',25,9),('GL001','2016-03-10','dessert03',25,0),('GL001','2016-03-10','dessert04',26,29),('GL001','2016-03-10','dessert05',28,20),('GL001','2016-03-10','dessert06',30,0),('GL001','2016-03-10','dessert07',28,0),('GL001','2016-03-10','dessert08',30,0),('GL001','2016-03-10','drink01',13,28),('GL001','2016-03-10','drink02',15,39),('GL001','2016-03-10','drink03',14,30),('GL001','2016-03-10','drink04',12,20),('GL001','2016-03-10','drink05',12,0),('GL001','2016-03-10','drink06',13,10),('GL001','2016-03-10','drink07',10,0),('GL001','2016-03-10','drink08',14,0),('GL001','2016-03-10','drink09',16,0),('GL001','2016-03-10','drink10',12,0),('QH01','2016-03-10','bread01',8,2),('QH01','2016-03-10','bread02',7,5),('QH01','2016-03-10','bread03',10,30),('QH01','2016-03-10','bread04',6.5,20),('QH01','2016-03-10','bread05',7.5,10),('QH01','2016-03-10','bread06',9.5,40),('QH01','2016-03-10','bread07',8,25),('QH01','2016-03-10','bread08',13,24),('QH01','2016-03-10','bread09',7.8,20),('QH01','2016-03-10','cake01',21,0),('QH01','2016-03-10','cake02',25,0),('QH01','2016-03-10','cake03',28.8,0),('QH01','2016-03-10','cake04',24,0),('QH01','2016-03-10','cake05',30,10),('QH01','2016-03-10','cake06',26,23),('QH01','2016-03-10','dessert01',23,0),('QH01','2016-03-10','dessert02',25,10),('QH01','2016-03-10','dessert03',25,10),('QH01','2016-03-10','dessert04',26,20),('QH01','2016-03-10','dessert05',28,20),('QH01','2016-03-10','dessert06',30,10),('QH01','2016-03-10','dessert07',28,0),('QH01','2016-03-10','dessert08',30,23),('QH01','2016-03-10','drink01',13,10),('QH01','2016-03-10','drink02',15,20),('QH01','2016-03-10','drink03',14,30),('QH01','2016-03-10','drink04',16,20),('QH01','2016-03-10','drink05',12,40),('QH01','2016-03-10','drink06',13,20),('QH01','2016-03-10','drink07',10,0),('QH01','2016-03-10','drink08',14,0),('QH01','2016-03-10','drink09',16,0),('QH01','2016-03-10','drink10',12,0),('XL001','2016-03-10','bread01',8,29),('XL001','2016-03-10','bread02',7,19),('XL001','2016-03-10','bread03',10,9),('XL001','2016-03-10','bread04',6.5,0),('XL001','2016-03-10','bread05',7.5,20),('XL001','2016-03-10','bread06',9.5,3),('XL001','2016-03-10','bread07',8,0),('XL001','2016-03-10','bread08',13,0),('XL001','2016-03-10','bread09',7.8,0),('XL001','2016-03-10','cake01',21,18),('XL001','2016-03-10','cake02',25,0),('XL001','2016-03-10','cake03',28.8,29),('XL001','2016-03-10','cake04',24,0),('XL001','2016-03-10','cake05',30,20),('XL001','2016-03-10','cake06',26,0),('XL001','2016-03-10','dessert01',23,6),('XL001','2016-03-10','dessert02',25,0),('XL001','2016-03-10','dessert03',25,0),('XL001','2016-03-10','dessert04',26,20),('XL001','2016-03-10','dessert05',28,0),('XL001','2016-03-10','dessert06',30,0),('XL001','2016-03-10','dessert07',28,30),('XL001','2016-03-10','dessert08',30,0),('XL001','2016-03-10','drink01',13,0),('XL001','2016-03-10','drink02',15,10),('XL001','2016-03-10','drink03',14,18),('XL001','2016-03-10','drink04',16,30),('XL001','2016-03-10','drink05',12,0),('XL001','2016-03-10','drink06',13,19),('XL001','2016-03-10','drink07',10,0),('XL001','2016-03-10','drink08',14,20),('XL001','2016-03-10','drink09',16,0),('XL001','2016-03-10','drink10',12,0),('GL001','2016-03-11','bread01',8,20),('GL001','2016-03-11','bread02',7,40),('GL001','2016-03-11','bread03',10,30),('GL001','2016-03-11','bread04',6.5,20),('GL001','2016-03-11','bread05',7.5,0),('GL001','2016-03-11','bread06',9.5,0),('GL001','2016-03-11','bread07',8,50),('GL001','2016-03-11','bread08',13,0),('GL001','2016-03-11','bread09',7.8,0),('GL001','2016-03-11','cake01',21,0),('GL001','2016-03-11','cake02',25,0),('GL001','2016-03-11','cake03',28.8,0),('GL001','2016-03-11','cake04',24,0),('GL001','2016-03-11','cake05',30,0),('GL001','2016-03-11','cake06',26,30),('GL001','2016-03-11','dessert01',23,0),('GL001','2016-03-11','dessert02',25,0),('GL001','2016-03-11','dessert03',25,0),('GL001','2016-03-11','dessert04',26,30),('GL001','2016-03-11','dessert05',28,0),('GL001','2016-03-11','dessert06',30,0),('GL001','2016-03-11','dessert07',28,0),('GL001','2016-03-11','dessert08',30,0),('GL001','2016-03-11','drink01',13,0),('GL001','2016-03-11','drink02',15,0),('GL001','2016-03-11','drink03',14,20),('GL001','2016-03-11','drink04',16,0),('GL001','2016-03-11','drink05',12,0),('GL001','2016-03-11','drink06',13,0),('GL001','2016-03-11','drink07',10,0),('GL001','2016-03-11','drink08',12,40),('GL001','2016-03-11','drink09',16,0),('GL001','2016-03-11','drink10',12,0),('AA01','2016-05-04','bread01',8,8),('AA01','2016-05-04','bread02',7,16),('AA01','2016-05-04','bread03',10,30),('AA01','2016-05-04','bread04',6.5,19),('AA01','2016-05-04','bread05',7.5,9),('AA01','2016-05-04','bread06',9.5,49),('AA01','2016-05-04','bread07',8,0),('AA01','2016-05-04','bread08',13,0),('AA01','2016-05-04','bread09',7.8,0),('AA01','2016-05-04','cake01',21,0),('AA01','2016-05-04','cake02',25,20),('AA01','2016-05-04','cake03',28.8,10),('AA01','2016-05-04','cake04',24,0),('AA01','2016-05-04','cake05',30,0),('AA01','2016-05-04','cake06',26,30),('AA01','2016-05-04','dessert01',23,19),('AA01','2016-05-04','dessert02',25,0),('AA01','2016-05-04','dessert03',25,0),('AA01','2016-05-04','dessert04',26,38),('AA01','2016-05-04','dessert05',28,10),('AA01','2016-05-04','dessert06',30,0),('AA01','2016-05-04','dessert07',28,0),('AA01','2016-05-04','dessert08',30,0),('AA01','2016-05-04','drink01',13,30),('AA01','2016-05-04','drink02',15,20),('AA01','2016-05-04','drink03',14,0),('AA01','2016-05-04','drink04',16,20),('AA01','2016-05-04','drink05',12,30),('AA01','2016-05-04','drink06',13,0),('AA01','2016-05-04','drink07',10,50),('AA01','2016-05-04','drink08',14,0),('AA01','2016-05-04','drink09',16,0),('AA01','2016-05-04','drink10',12,0);
/*!40000 ALTER TABLE `stock` ENABLE KEYS */;
UNLOCK TABLES;

--
-- Table structure for table `store`
--

DROP TABLE IF EXISTS `store`;
/*!40101 SET @saved_cs_client     = @@character_set_client */;
/*!40101 SET character_set_client = utf8 */;
CREATE TABLE `store` (
  `store_id` varchar(10) CHARACTER SET utf8 NOT NULL,
  `address` varchar(45) CHARACTER SET utf8 NOT NULL,
  `tel` varchar(45) CHARACTER SET utf8 NOT NULL,
  `name` varchar(45) CHARACTER SET utf8 NOT NULL,
  PRIMARY KEY (`store_id`)
) ENGINE=InnoDB DEFAULT CHARSET=utf8 COLLATE=utf8_bin;
/*!40101 SET character_set_client = @saved_cs_client */;

--
-- Dumping data for table `store`
--

LOCK TABLES `store` WRITE;
/*!40000 ALTER TABLE `store` DISABLE KEYS */;
INSERT INTO `store` VALUES ('AA01','南京市鼓楼区汉口路','1223333','南大店'),('GL001','南京市鼓楼区山西路23号','021-52441578','山西路店'),('QH01','南京市秦淮区夫子庙景区','021-58271616','夫子庙店'),('XL001','南京市栖霞区仙林大道南大和园210号','051-52098782','南大仙林店'),('XW001','南京市玄武区玄武巷12号','025-57717859','玄武湖公园店');
/*!40000 ALTER TABLE `store` ENABLE KEYS */;
UNLOCK TABLES;
/*!40103 SET TIME_ZONE=@OLD_TIME_ZONE */;

/*!40101 SET SQL_MODE=@OLD_SQL_MODE */;
/*!40014 SET FOREIGN_KEY_CHECKS=@OLD_FOREIGN_KEY_CHECKS */;
/*!40014 SET UNIQUE_CHECKS=@OLD_UNIQUE_CHECKS */;
/*!40101 SET CHARACTER_SET_CLIENT=@OLD_CHARACTER_SET_CLIENT */;
/*!40101 SET CHARACTER_SET_RESULTS=@OLD_CHARACTER_SET_RESULTS */;
/*!40101 SET COLLATION_CONNECTION=@OLD_COLLATION_CONNECTION */;
/*!40111 SET SQL_NOTES=@OLD_SQL_NOTES */;

-- Dump completed on 2016-05-27 11:04:30
